size,avg_b,avg_g,avg_r,avg_h,avg_s,avg_v,std_b,std_g,std_r,std_h,std_s,std_v,blob_count
94711.16435735318,53.56833026919569,131.70086543204346,189.2571783029163,37.90953299867196,72.75168499851993,74.21850129526125,48.72448070775594,61.13896535465315,45.291574463031765,131.93802027001976,31.112869018642677,25.027094616834955,161
26771.0,33.16943707743454,114.92562847857755,213.45228045272867,27.209308396901008,84.4604906506116,83.7067766481289,54.84298083541165,67.6697201475782,56.293067148608486,113.21689038232162,18.954917035556274,26.537145155913024,1
190075.84937524868,11.291431980244717,96.41298798590499,197.09864691138804,27.300976003280294,94.26520896606739,77.29358702407369,14.60330068016294,58.06070537050517,60.47352279067544,59.37756482946269,75.81817248467466,23.937957004685497,202
23949.690499102355,51.502836624775576,77.60870377019745,127.48917773788148,27.121269816430775,58.79763875666833,49.99575597563981,26.497829050642775,37.90308083300007,49.315753277842646,66.13489546642495,43.469326644849374,19.390501273695335,177
